EndYear,Age,Win,Minutes Played,Shots made,Shots attemped,Offensive rebounds,Defensive rebounds,Personal fouls
1985,21.6899384,1,40,5,16,1,5,2
1985,21.69267625,0,34,8,13,3,2,4
1985,21.69815195,1,34,13,24,2,2,4
1985,21.7008898,1,36,8,21,2,2,5
1985,21.7063655,0,33,7,15,3,2,4
1985,21.72279261,1,27,9,19,1,3,5
1985,21.72553046,1,33,15,22,4,4,2
1985,21.73100616,1,42,9,22,2,7,4
1985,21.73921971,1,43,18,27,2,8,4
1985,21.74469541,0,33,12,24,0,2,4
1985,21.75017112,0,44,4,17,0,5,5
1985,21.75564682,0,39,11,26,2,3,3
1985,21.76112252,0,42,11,22,4,9,3
1985,21.76659822,1,30,9,13,0,4,4
1985,21.76933607,0,41,10,24,3,3,4
1985,21.77754962,0,24,6,10,0,2,1
1985,21.78302533,0,30,9,17,1,2,5
1985,21.78576318,1,37,9,15,2,3,4
1985,21.79123888,1,42,7,13,2,0,3
1985,21.79671458,1,35,7,13,1,2,3
1985,21.80492813,1,43,8,16,1,1,5
1985,21.80766598,1,35,10,23,4,3,3
1985,21.81587953,0,37,13,28,1,7,4
1985,21.81861739,0,30,6,17,0,1,5
1985,21.82409309,0,44,12,25,2,6,4
1985,21.82683094,0,27,7,16,1,1,2
1985,21.83504449,0,45,8,20,1,2,2
1985,21.84052019,1,41,12,22,4,4,5
1985,21.84599589,1,35,12,18,1,11,3
1985,21.85968515,1,44,20,33,2,5,1
1985,21.86516085,0,39,7,18,1,3,6
1985,21.87611225,0,34,10,14,1,6,2
1985,21.88158795,1,38,9,16,0,2,4
1985,21.8843258,0,42,16,25,4,3,3
1985,21.89527721,0,42,12,24,4,2,4
1985,21.90075291,1,30,8,14,2,4,3
1985,21.90349076,0,36,10,21,4,8,5
1985,21.90896646,1,43,11,16,2,12,3
1985,21.91444216,0,44,8,17,1,6,3
1985,21.91718001,1,40,8,20,0,4,4
1985,21.92265572,0,41,15,27,2,10,5
1985,21.93086927,1,39,11,20,1,11,4
1985,21.93908282,1,37,6,15,2,2,3
1985,21.94182067,1,43,17,24,1,7,3
1985,21.95003422,1,38,11,17,0,7,3
1985,21.95277207,0,41,12,19,0,7,3
1985,21.95824778,0,37,9,16,0,6,5
1985,21.96919918,0,45,14,25,4,8,6
1985,21.97467488,0,38,8,17,3,1,6
1985,21.98836413,1,45,19,31,7,8,5
1985,21.99657769,0,37,8,20,1,6,1
1985,22,0,34,9,15,2,1,1
1985,22.0054757,0,30,6,13,4,2,5
1985,22.01368925,0,42,8,18,1,3,3
1985,22.0164271,1,32,15,20,1,4,4
1985,22.02464066,0,48,12,27,3,6,4
1985,22.02737851,0,35,8,17,1,5,3
1985,22.03285421,1,38,6,15,2,8,2
1985,22.03832991,0,41,13,21,6,8,2
1985,22.04380561,1,44,12,23,2,7,3
1985,22.04654346,1,42,13,28,2,5,2
1985,22.05201916,1,28,7,13,2,6,3
1985,22.05475702,0,38,9,21,2,4,5
1985,22.06023272,0,34,6,14,1,3,2
1985,22.06297057,1,39,11,24,3,5,2
1985,22.06844627,0,34,5,18,1,2,3
1985,22.07118412,1,42,11,15,1,8,3
1985,22.07665982,1,48,11,25,6,5,5
1985,22.08213552,0,42,11,22,2,2,3
1985,22.08487337,0,43,14,23,3,4,5
1985,22.09308693,1,43,5,17,3,6,1
1985,22.09582478,0,35,9,24,3,6,2
1985,22.10130048,1,40,13,24,4,5,5
1985,22.10677618,0,41,11,25,4,4,4
1985,22.11225188,0,42,13,19,2,3,1
1985,22.12046543,1,44,12,19,5,3,1
1985,22.12320329,1,40,12,19,1,5,5
1985,22.12867899,0,38,13,21,0,1,6
1985,22.13141684,1,43,12,18,2,5,4
1985,22.13689254,0,39,6,20,2,6,2
1985,22.14784394,0,36,11,16,2,1,3
1985,22.15058179,0,40,9,24,2,0,3
1986,22.6844627,1,39,13,26,3,3,5
1986,22.68720055,1,41,9,24,2,5,5
1986,22.6954141,1,18,6,10,0,2,1
1986,23.07118412,0,13,4,7,0,1,2
1986,23.07665982,0,14,4,16,3,1,0
1986,23.08213552,0,15,4,14,4,0,1
1986,23.08761123,0,16,7,16,2,0,3
1986,23.09034908,0,16,4,13,1,0,2
1986,23.09856263,1,19,5,12,1,2,3
1986,23.10677618,0,22,9,15,0,1,4
1986,23.10951403,1,23,10,17,1,0,2
1986,23.11772758,0,26,8,16,1,4,2
1986,23.12320329,1,28,12,19,1,4,1
1986,23.12867899,1,31,10,21,1,2,1
1986,23.13415469,1,31,10,18,1,4,3
1986,23.13689254,0,33,12,25,1,5,2
1986,23.14510609,1,37,12,36,1,4,5
1986,23.15058179,0,29,11,23,0,3,4
1987,23.70362765,1,41,15,31,2,4,2
1987,23.7063655,1,39,16,31,6,2,3
1987,23.7118412,1,44,14,31,3,5,2
1987,23.72005476,0,42,11,26,0,0,4
1987,23.72279261,1,39,17,27,3,3,2
1987,23.73100616,1,39,14,32,4,1,4
1987,23.73374401,0,39,9,25,0,4,4
1987,23.73921971,0,41,17,33,2,3,3
1987,23.75838467,1,40,14,26,1,5,2
1987,23.76112252,1,39,10,26,2,7,3
1987,23.77207392,0,41,13,31,2,7,5
1987,23.77754962,0,45,19,43,8,2,4
1987,23.78028747,0,42,11,30,3,2,3
1987,23.78850103,1,48,13,30,5,4,3
1987,23.79123888,0,40,17,33,0,3,3
1987,23.79671458,0,41,15,37,2,2,1
1987,23.79945243,0,44,18,38,5,0,4
1987,23.80766598,1,42,16,30,2,4,3
1987,23.81040383,0,39,15,25,2,2,3
1987,23.81587953,1,39,16,24,0,5,5
1987,23.81861739,0,31,3,17,0,4,2
1987,23.82683094,1,37,13,29,2,3,5
1987,23.83230664,1,39,15,27,2,1,2
1987,23.83778234,0,38,10,26,0,4,3
1987,23.84599589,1,35,18,33,4,1,2
1987,23.85147159,0,41,10,28,1,2,1
1987,23.8569473,1,36,20,29,2,2,1
1987,23.86516085,0,40,12,27,1,4,4
1987,23.8733744,0,40,13,31,6,2,2
1987,23.87611225,1,38,16,35,1,3,4
1987,23.8843258,1,38,13,23,0,2,5
1987,23.88980151,1,43,20,34,3,1,3
1987,23.89527721,1,36,8,24,1,6,3
1987,23.90896646,0,43,17,43,1,2,2
1987,23.91444216,1,44,17,34,5,5,2
1987,23.91991786,0,41,11,25,4,2,5
1987,23.92265572,1,39,11,22,2,5,2
1987,23.93086927,1,37,14,28,1,1,1
1987,23.93360712,0,27,11,20,0,0,4
1987,23.94182067,0,40,13,34,1,4,2
1987,23.94455852,0,37,11,23,1,3,3
1987,23.95003422,0,41,19,35,1,1,4
1987,23.95550992,0,44,14,39,4,1,5
1987,23.96098563,1,43,12,28,3,3,3
1987,23.96646133,0,44,12,24,2,5,2
1987,23.98015058,1,41,11,22,2,1,4
1987,23.98836413,1,41,14,28,0,3,3
1987,23.99110198,1,37,15,24,0,2,2
1987,23.99657769,0,48,13,30,1,6,5
1987,24.00821355,0,40,11,27,2,0,4
1987,24.01368925,1,39,16,29,2,2,1
1987,24.01916496,1,42,10,22,3,9,3
1987,24.02464066,1,37,16,25,1,7,4
1987,24.03011636,1,38,11,28,3,3,4
1987,24.03285421,0,39,10,23,3,1,4
1987,24.03832991,1,28,11,17,0,3,1
1987,24.04106776,1,43,22,39,3,4,0
1987,24.04654346,0,39,10,24,3,5,2
1987,24.05201916,1,44,11,28,3,3,2
1987,24.05475702,0,42,12,26,2,5,2
1987,24.06023272,0,44,19,34,4,4,4
1987,24.06570842,0,36,7,22,1,3,2
1987,24.06844627,0,47,5,20,1,6,0
1987,24.07392197,0,43,15,28,1,3,5
1987,24.07665982,0,42,7,21,0,3,3
1987,24.08213552,1,41,14,23,3,4,4
1987,24.08761123,1,44,13,25,1,2,2
1987,24.09034908,0,43,14,26,0,1,3
1987,24.09582478,1,44,22,32,1,6,2
1987,24.10130048,0,43,14,30,1,5,1
1987,24.10403833,0,40,9,23,3,4,3
1987,24.10951403,1,40,13,24,0,1,3
1987,24.11498973,1,34,12,18,0,3,2
1987,24.11772758,0,41,10,25,2,7,5
1987,24.12320329,0,45,13,22,1,1,4
1987,24.12594114,0,35,9,24,5,1,3
1987,24.13415469,1,26,13,21,2,3,0
1987,24.14236824,0,50,11,31,3,3,3
1987,24.14784394,1,42,19,27,2,2,2
1987,24.15058179,1,41,16,31,1,8,5
1987,24.15879535,0,41,22,38,5,5,3
1987,24.1615332,0,25,5,15,1,3,2
1988,24.72005476,1,38,15,25,2,3,3
1988,24.72826831,1,42,11,23,0,6,3
1988,24.73100616,1,40,10,20,1,2,4
1988,24.73648186,1,35,10,19,3,4,1
1988,24.73921971,0,40,14,29,3,2,3
1988,24.74743326,1,36,10,18,0,3,3
1988,24.75017112,1,40,9,21,1,2,3
1988,24.75564682,1,40,10,22,0,7,3
1988,24.75838467,0,44,17,38,2,4,6
1988,24.76386037,1,41,12,26,4,6,5
1988,24.76933607,1,39,13,24,1,2,5
1988,24.77481177,0,45,8,20,1,5,2
1988,24.77754962,1,41,12,22,3,4,4
1988,24.78576318,1,40,6,15,0,6,2
1988,24.78850103,1,39,17,27,2,2,4
1988,24.79397673,0,35,9,15,1,3,4
1988,24.79671458,0,40,15,22,1,1,3
1988,24.80492813,0,42,14,26,1,4,4
1988,24.81040383,1,40,11,18,1,6,2
1988,24.81587953,1,40,16,28,0,3,3
1988,24.82409309,0,50,12,26,3,5,6
1988,24.82956879,1,41,20,31,0,3,2
1988,24.83504449,0,43,12,23,0,2,3
1988,24.84325804,0,41,11,20,4,2,4
1988,24.84599589,0,39,5,15,1,4,3
1988,24.85420945,0,34,6,22,2,4,3
1988,24.862423,0,43,16,37,6,2,5
1988,24.8733744,1,37,9,19,3,7,4
1988,24.88158795,1,38,12,20,6,5,5
1988,24.88706366,1,42,11,22,3,6,2
1988,24.89253936,1,38,17,23,1,2,3
1988,24.90075291,0,43,19,35,2,2,0
1988,24.90622861,0,45,12,24,3,1,3
1988,24.91170431,1,38,12,26,4,6,3
1988,24.91718001,1,39,13,19,0,3,4
1988,24.91991786,0,41,14,22,0,3,0
1988,24.92813142,1,38,17,25,0,4,2
1988,24.93086927,1,38,13,19,3,4,5
1988,24.93908282,0,40,13,26,2,5,5
1988,24.94182067,1,46,12,21,2,2,5
1988,24.94729637,1,27,14,18,0,1,1
1988,24.95003422,1,44,10,17,1,4,3
1988,24.95550992,0,40,13,31,0,5,4
1988,24.95824778,0,40,14,26,1,1,3
1988,24.96372348,1,37,14,27,1,4,1
1988,24.97741273,0,42,7,22,1,6,4
1988,24.98015058,0,37,10,23,2,2,3
1988,24.98562628,1,43,9,19,0,6,3
1988,24.98836413,0,40,9,22,0,2,0
1988,24.99383984,1,38,13,22,3,10,2
1988,25.0054757,1,38,19,27,2,1,2
1988,25.0109514,0,45,16,31,1,3,3
1988,25.0164271,1,48,11,29,2,7,4
1988,25.02464066,0,43,21,34,2,6,5
1988,25.02737851,0,44,16,27,1,1,5
1988,25.03285421,0,46,13,22,1,4,1
1988,25.04106776,1,41,15,29,0,10,4
1988,25.04654346,1,27,9,13,0,6,2
1988,25.05201916,0,44,12,24,1,9,4
1988,25.06023272,1,42,17,34,5,4,2
1988,25.06570842,1,34,9,22,3,4,2
1988,25.07392197,1,37,17,29,4,2,2
1988,25.07665982,0,39,10,23,3,1,2
1988,25.08213552,1,42,19,32,2,3,4
1988,25.08761123,0,39,10,18,0,4,4
1988,25.09582478,1,42,20,35,5,8,4
1988,25.10130048,1,48,14,29,2,6,3
1988,25.10403833,1,42,16,27,0,3,2
1988,25.11225188,0,42,8,17,1,3,3
1988,25.11498973,1,34,15,25,2,4,3
1988,25.12046543,1,42,13,30,4,7,5
1988,25.12594114,1,42,21,27,2,2,4
1988,25.13141684,0,42,12,20,1,2,4
1988,25.13415469,1,44,12,22,1,5,5
1988,25.13963039,1,43,13,24,3,3,4
1988,25.15605749,1,38,12,28,2,4,3
1988,25.15879535,1,39,11,20,0,0,5
1988,25.16427105,1,38,17,29,1,2,4
1988,25.16974675,1,40,18,27,3,2,4
1988,25.17522245,0,41,17,33,3,0,5
1988,25.1779603,0,42,12,26,1,0,5
1988,25.183436,1,44,16,25,0,6,3
1989,25.71457906,0,43,10,19,1,4,5
1989,25.71731691,1,39,9,21,0,2,4
1989,25.72553046,0,39,13,21,2,1,5
1989,25.72826831,1,42,18,33,0,3,4
1989,25.73374401,1,41,14,24,1,5,2
1989,25.73648186,0,43,17,31,2,5,2
1989,25.74469541,1,43,14,27,1,5,2
1989,25.74743326,0,43,24,29,3,6,2
1989,25.75290897,1,49,12,21,1,8,4
1989,25.76386037,1,38,16,20,1,10,3
1989,25.76659822,0,41,7,15,2,10,4
1989,25.77481177,0,44,19,27,2,9,3
1989,25.78302533,0,43,11,24,2,8,3
1989,25.78576318,0,39,11,25,4,4,1
1989,25.79397673,1,43,16,31,3,8,5
1989,25.80219028,1,43,14,20,2,7,4
1989,25.80492813,0,40,4,16,3,4,1
1989,25.81040383,1,40,10,17,3,8,3
1989,25.81314168,1,37,14,25,2,9,3
1989,25.82135524,0,41,11,24,2,12,3
1989,25.82956879,1,38,10,22,3,4,4
1989,25.83230664,1,40,12,25,0,6,2
1989,25.84052019,1,39,11,23,4,3,0
1989,25.84873374,0,41,14,26,2,3,5
1989,25.85968515,0,42,18,30,3,9,3
1989,25.86516085,1,40,14,27,1,8,2
1989,25.8678987,1,37,13,26,2,5,1
1989,25.8788501,1,47,15,30,1,9,5
1989,25.8843258,0,41,13,24,2,9,2
1989,25.88706366,0,37,12,21,1,4,2
1989,25.89801506,1,41,17,29,4,6,2
1989,25.90075291,1,40,7,15,1,3,4
1989,25.90622861,1,46,13,24,1,11,4
1989,25.91170431,1,41,13,23,1,8,2
1989,25.91718001,1,44,10,18,1,5,4
1989,25.92265572,1,41,14,25,3,2,3
1989,25.92813142,0,41,20,28,1,13,4
1989,25.93634497,1,33,10,20,1,2,1
1989,25.93908282,0,45,14,25,0,6,5
1989,25.94455852,1,39,14,25,3,8,4
1989,25.95550992,0,41,7,24,3,9,6
1989,25.96098563,1,40,15,21,1,6,2
1989,25.96372348,0,45,10,24,2,4,3
1989,25.96919918,0,42,10,18,2,4,3
1989,25.97467488,1,32,11,20,2,5,3
1989,25.98015058,1,43,9,20,3,3,2
1989,25.99383984,0,36,11,14,2,3,4
1989,25.99931554,1,40,16,26,2,6,4
1989,26.0054757,1,40,9,19,0,3,4
1989,26.00821355,1,36,13,22,2,4,3
1989,26.01368925,1,37,10,14,0,4,4
1989,26.01916496,1,38,10,18,0,4,2
1989,26.02190281,0,30,7,12,1,4,3
1989,26.03011636,1,34,11,16,4,2,1
1989,26.03832991,1,41,10,18,2,6,4
1989,26.04106776,0,42,10,16,1,2,4
1989,26.04928131,0,39,15,27,3,8,2
1989,26.06023272,1,40,8,13,1,7,3
1989,26.06570842,1,30,7,15,3,11,0
1989,26.07118412,0,38,12,22,1,5,3
1989,26.07665982,1,41,9,16,1,4,5
1989,26.07939767,0,44,11,24,0,6,1
1989,26.08761123,1,43,7,20,1,7,3
1989,26.09034908,1,37,10,20,0,10,5
1989,26.09582478,1,40,10,20,3,4,4
1989,26.09856263,1,40,8,18,1,11,3
1989,26.10677618,1,40,13,24,1,11,4
1989,26.10951403,1,43,9,19,1,9,4
1989,26.11498973,0,43,15,29,2,8,4
1989,26.12046543,1,39,11,23,5,9,2
1989,26.12594114,1,40,10,15,4,6,1
1989,26.13141684,0,43,11,23,2,11,2
1989,26.13415469,0,42,11,18,1,6,6
1989,26.13963039,0,43,13,29,4,6,3
1989,26.15058179,0,46,17,30,2,9,3
1989,26.15331964,0,38,12,27,2,8,2
1989,26.15879535,0,27,8,14,0,3,2
1989,26.1615332,1,42,11,21,1,10,3
1989,26.16974675,0,39,9,20,2,3,4
1989,26.1724846,1,42,13,31,6,8,1
1989,26.1779603,0,35,9,19,3,2,3
1990,26.70910335,1,47,19,31,3,11,3
1990,26.7118412,0,34,10,18,0,5,5
1990,26.72005476,1,44,13,24,2,3,1
1990,26.72279261,1,40,15,24,1,5,2
1990,26.72826831,0,41,8,22,3,3,4
1990,26.73100616,1,34,8,15,0,4,4
1990,26.73921971,1,40,11,25,6,7,2
1990,26.74195756,0,38,12,26,1,9,3
1990,26.75017112,0,39,12,26,3,3,3
1990,26.75838467,0,36,5,13,0,0,1
1990,26.76112252,1,44,12,30,2,5,2
1990,26.76933607,1,41,12,29,6,8,3
1990,26.77207392,0,33,9,18,3,4,3
1990,26.77754962,1,39,8,15,0,9,4
1990,26.78850103,1,36,11,16,2,3,4
1990,26.79671458,1,33,15,27,8,9,0
1990,26.80492813,0,46,14,25,0,8,4
1990,26.80766598,1,36,13,21,0,9,3
1990,26.81587953,1,41,18,29,1,6,1
1990,26.82135524,1,25,14,20,2,5,2
1990,26.82683094,1,41,13,28,2,7,2
1990,26.83504449,1,44,15,29,0,7,1
1990,26.83778234,0,45,20,37,1,4,3
1990,26.84325804,1,32,10,17,0,4,4
1990,26.84599589,0,30,5,13,1,3,2
1990,26.85420945,1,35,12,17,1,1,4
1990,26.862423,1,42,10,26,1,4,4
1990,26.86516085,1,43,13,26,1,6,4
1990,26.87611225,1,46,15,32,1,7,4
1990,26.88158795,1,41,19,31,0,4,4
1990,26.8843258,0,41,13,23,1,8,3
1990,26.89253936,0,34,6,17,3,5,2
1990,26.89527721,0,42,13,30,2,5,0
1990,26.90075291,1,40,19,28,2,2,4
1990,26.90349076,1,34,11,21,0,5,1
1990,26.90896646,0,42,9,24,1,3,3
1990,26.91718001,1,33,17,30,3,9,3
1990,26.91991786,1,40,12,24,3,6,1
1990,26.92539357,1,41,10,17,1,9,4
1990,26.93086927,0,45,11,31,2,4,5
1990,26.93908282,0,42,12,27,2,3,3
1990,26.94182067,1,35,15,25,2,5,3
1990,26.94729637,1,30,7,14,2,5,2
1990,26.95550992,0,38,16,31,2,4,0
1990,26.96098563,0,46,17,32,3,0,3
1990,26.97193703,0,40,12,21,0,4,3
1990,26.97467488,0,37,5,18,0,1,2
1990,26.98836413,1,40,8,16,1,3,4
1990,26.99110198,0,47,21,43,1,6,1
1990,26.99657769,1,31,10,14,0,3,2
1990,27.00273785,1,36,15,26,1,2,4
1990,27.0054757,1,42,11,25,2,4,3
1990,27.0164271,1,35,12,25,2,8,4
1990,27.02190281,1,44,12,24,1,7,4
1990,27.02737851,1,41,13,25,2,4,4
1990,27.03559206,1,31,8,12,0,4,2
1990,27.04106776,1,40,11,23,0,6,4
1990,27.04654346,1,37,14,26,2,6,5
1990,27.05201916,0,47,12,29,5,2,5
1990,27.05749487,1,39,17,27,2,5,5
1990,27.06570842,1,42,11,19,2,6,2
1990,27.07392197,0,41,8,17,0,8,3
1990,27.07665982,1,39,13,21,2,6,2
1990,27.08487337,1,39,8,19,3,5,2
1990,27.08761123,1,38,10,20,2,2,2
1990,27.09308693,1,40,18,32,2,4,1
1990,27.09582478,0,39,16,28,1,4,3
1990,27.10130048,1,28,14,24,4,8,0
1990,27.10677618,1,50,23,37,7,11,5
1990,27.11225188,1,45,20,34,1,11,3
1990,27.11772758,1,41,20,29,2,4,2
1990,27.12320329,1,44,8,19,1,3,4
1990,27.12867899,1,39,14,23,1,6,2
1990,27.13415469,1,40,15,26,2,1,3
1990,27.14510609,1,31,9,15,1,4,5
1990,27.15058179,1,39,10,16,1,5,3
1990,27.15331964,0,37,10,21,1,2,4
1990,27.15879535,0,45,11,24,3,4,5
1990,27.1615332,1,36,13,24,1,10,3
1990,27.1670089,1,36,12,26,3,3,4
1990,27.16974675,0,35,21,29,1,7,5
1990,27.17522245,0,37,10,23,3,7,3
1991,27.7063655,0,34,14,24,3,2,4
1991,27.70910335,0,46,11,22,4,6,2
1991,27.71731691,0,45,14,28,3,5,4
1991,27.72005476,1,39,7,14,2,3,5
1991,27.72553046,1,34,17,25,1,4,3
1991,27.72826831,1,36,8,15,1,5,1
1991,27.73648186,1,38,10,22,3,8,1
1991,27.74195756,0,38,6,12,2,6,4
1991,27.74743326,1,27,13,20,1,3,0
1991,27.75017112,0,41,12,25,0,5,4
1991,27.75838467,0,40,15,32,0,4,1
1991,27.76386037,1,31,5,12,3,3,3
1991,27.76659822,1,40,14,24,1,6,3
1991,27.77754962,1,27,11,15,0,2,2
1991,27.78302533,1,33,15,19,1,4,4
1991,27.78576318,1,30,13,18,0,2,2
1991,27.79397673,1,35,12,22,1,3,5
1991,27.80219028,1,39,14,25,4,3,3
1991,27.80492813,0,40,16,28,0,6,3
1991,27.81314168,0,39,13,23,0,4,2
1991,27.82135524,1,30,8,15,2,6,3
1991,27.82409309,1,27,11,17,5,4,1
1991,27.83230664,1,36,14,22,3,6,2
1991,27.83504449,0,37,13,22,3,2,2
1991,27.84052019,1,44,14,30,8,7,3
1991,27.84325804,1,34,10,20,2,5,4
1991,27.85147159,1,43,14,23,3,5,5
1991,27.8569473,1,34,17,25,1,13,3
1991,27.862423,1,37,10,24,3,7,2
1991,27.87611225,0,33,13,22,0,3,2
1991,27.88158795,1,37,12,26,1,2,4
1991,27.88980151,1,32,18,28,2,4,1
1991,27.89253936,1,41,16,27,0,4,3
1991,27.89801506,1,42,12,23,0,6,4
1991,27.90075291,1,38,11,21,3,0,4
1991,27.90622861,1,45,13,27,1,9,5
1991,27.91170431,1,38,11,27,0,4,5
1991,27.91718001,0,41,13,28,0,7,2
1991,27.92539357,1,39,17,28,1,5,1
1991,27.93086927,0,41,9,23,4,2,4
1991,27.93634497,1,28,10,14,0,3,2
1991,27.95277207,0,39,9,22,0,3,6
1991,27.95550992,1,38,10,18,1,5,0
1991,27.96098563,0,40,10,22,1,6,1
1991,27.96372348,1,33,7,14,1,1,4
1991,27.97193703,1,41,10,21,1,8,1
1991,27.98562628,1,37,12,22,0,4,2
1991,27.99110198,1,36,13,20,0,2,2
1991,27.99657769,1,39,11,26,2,9,0
1991,28.00273785,1,38,11,24,1,5,3
1991,28.0054757,1,38,15,27,3,9,4
1991,28.01368925,1,28,11,17,1,2,2
1991,28.0164271,1,35,12,22,0,3,2
1991,28.02464066,1,35,17,29,2,6,1
1991,28.03285421,1,35,11,20,1,10,2
1991,28.03559206,0,38,8,23,0,5,4
1991,28.04380561,1,37,9,23,2,7,3
1991,28.05201916,1,39,14,29,1,4,3
1991,28.05749487,1,30,10,13,2,7,4
1991,28.06297057,1,29,7,15,2,3,2
1991,28.06570842,1,41,15,26,1,7,4
1991,28.07118412,1,40,12,21,1,4,3
1991,28.07392197,1,38,14,25,0,3,3
1991,28.07939767,1,29,11,19,0,6,2
1991,28.08487337,1,30,9,14,0,5,3
1991,28.09034908,0,40,8,23,1,4,5
1991,28.09308693,1,40,15,25,0,2,4
1991,28.09856263,0,37,15,25,5,2,3
1991,28.10677618,1,30,16,26,1,0,4
1991,28.10951403,1,35,7,17,0,5,2
1991,28.11498973,0,51,12,36,3,4,3
1991,28.12046543,1,41,17,26,0,4,2
1991,28.12594114,1,35,15,30,2,6,1
1991,28.12867899,0,36,13,26,0,5,4
1991,28.13415469,0,48,16,27,1,3,2
1991,28.13963039,1,37,10,18,0,6,0
1991,28.14236824,1,41,12,21,0,5,3
1991,28.14784394,0,43,13,24,3,5,5
1991,28.15605749,1,39,17,27,0,5,3
1991,28.1615332,1,40,9,20,2,3,2
1991,28.1670089,1,39,15,22,3,2,5
1991,28.1724846,1,30,6,15,2,1,2
1992,28.70362765,1,30,11,18,1,4,2
1992,28.7063655,0,42,19,29,0,3,1
1992,28.71457906,0,46,17,22,2,5,5
1992,28.71731691,1,38,16,26,0,3,2
1992,28.72279261,1,36,10,15,1,6,1
1992,28.72553046,1,35,13,26,2,3,2
1992,28.73374401,1,29,8,14,0,3,4
1992,28.73648186,1,33,11,19,1,5,1
1992,28.74195756,1,37,5,10,2,5,2
1992,28.75564682,1,45,12,25,1,8,3
1992,28.76112252,1,45,11,26,1,5,6
1992,28.76386037,1,41,15,28,0,6,5
1992,28.77207392,1,33,11,19,1,9,3
1992,28.78028747,1,51,16,39,3,5,4
1992,28.78302533,1,39,13,21,0,6,4
1992,28.79397673,1,41,7,20,1,8,4
1992,28.79945243,1,34,8,19,1,10,3
1992,28.80219028,0,41,12,25,3,11,2
1992,28.81040383,1,39,7,20,3,8,3
1992,28.81861739,1,43,9,18,1,7,2
1992,28.82135524,1,33,12,19,3,6,3
1992,28.82956879,0,38,6,20,0,4,3
1992,28.83778234,1,30,8,18,1,4,0
1992,28.84052019,1,43,16,24,1,8,2
1992,28.85147159,1,35,6,14,1,7,2
1992,28.85420945,1,44,15,31,1,2,1
1992,28.85968515,1,36,11,20,0,2,5
1992,28.86516085,1,44,10,19,2,4,4
1992,28.87611225,0,40,19,29,2,4,4
1992,28.8788501,1,32,12,20,2,3,1
1992,28.88706366,1,37,7,15,0,5,3
1992,28.88980151,1,47,17,27,0,6,3
1992,28.89527721,1,37,15,25,1,4,3
1992,28.89801506,1,39,10,19,0,6,4
1992,28.90622861,1,33,11,20,0,5,0
1992,28.91170431,1,39,15,26,0,4,4
1992,28.91444216,1,38,10,23,0,4,3
1992,28.91991786,1,45,12,27,0,6,3
1992,28.92539357,1,41,13,23,2,3,3
1992,28.92813142,1,43,7,18,2,4,2
1992,28.93360712,1,30,9,14,1,1,0
1992,28.93634497,1,41,12,27,0,3,2
1992,28.94455852,0,44,15,31,0,9,3
1992,28.95003422,0,43,9,26,2,3,3
1992,28.95277207,1,37,10,17,2,8,3
1992,28.95824778,1,44,13,27,0,8,4
1992,28.96098563,0,56,13,34,2,11,5
1992,28.98288843,1,34,13,23,1,5,2
1992,28.98836413,1,35,4,15,0,2,1
1992,28.99383984,1,42,9,24,1,4,3
1992,29,0,43,21,32,1,3,1
1992,29.0054757,1,38,11,23,5,5,1
1992,29.0109514,1,46,14,23,1,9,2
1992,29.01368925,1,35,13,27,2,4,2
1992,29.02190281,0,42,11,22,1,3,2
1992,29.02464066,1,27,10,17,2,2,0
1992,29.03011636,1,41,8,18,1,5,2
1992,29.03559206,1,36,10,23,0,9,3
1992,29.04106776,0,39,12,21,2,5,3
1992,29.04654346,1,39,14,26,1,4,3
1992,29.04928131,1,28,12,20,0,6,2
1992,29.05475702,1,43,12,26,3,8,3
1992,29.06297057,1,35,14,23,0,13,2
1992,29.07118412,1,38,11,22,1,9,1
1992,29.07665982,1,39,15,27,2,7,1
1992,29.07939767,1,45,16,32,4,6,3
1992,29.08487337,1,43,19,30,2,9,3
1992,29.09034908,0,38,10,22,6,9,1
1992,29.09856263,1,41,18,31,0,6,0
1992,29.10951403,1,37,21,32,0,4,2
1992,29.11772758,1,40,13,23,3,1,1
1992,29.12046543,1,39,11,22,1,1,2
1992,29.12594114,1,42,5,17,0,6,4
1992,29.13141684,0,40,12,28,0,2,4
1992,29.13689254,1,37,12,22,0,5,3
1992,29.14510609,1,42,16,30,0,4,3
1992,29.14784394,1,37,8,20,1,4,2
1992,29.15331964,1,23,6,12,0,1,1
1992,29.16427105,1,32,9,16,1,3,4
1992,29.16974675,1,39,9,17,0,2,2
1993,29.72005476,1,37,12,26,3,3,1
1993,29.72279261,0,39,13,29,0,4,4
1993,29.72826831,1,42,10,20,0,2,1
1993,29.73374401,1,52,13,24,2,8,1
1993,29.73921971,1,42,14,31,3,3,2
1993,29.74195756,1,22,7,13,0,4,1
1993,29.75017112,1,31,14,21,1,2,1
1993,29.75564682,1,34,14,22,1,5,1
1993,29.75838467,0,47,21,39,5,8,4
1993,29.76386037,1,39,16,27,0,3,1
1993,29.76933607,1,44,18,30,2,3,2
1993,29.78028747,0,38,4,20,3,3,2
1993,29.79671458,1,38,15,25,4,9,1
1993,29.79945243,1,37,8,20,0,3,2
1993,29.80766598,0,46,14,28,3,9,5
1993,29.81040383,1,35,10,22,2,9,2
1993,29.81587953,0,40,11,23,4,7,4
1993,29.81861739,1,41,13,26,0,6,2
1993,29.82683094,1,33,11,21,1,3,1
1993,29.83230664,1,40,12,29,1,6,3
1993,29.83778234,0,42,11,26,4,6,4
1993,29.84325804,1,43,6,19,3,5,2
1993,29.84873374,1,42,22,37,0,2,3
1993,29.85420945,1,41,15,34,0,8,2
1993,29.8569473,1,40,8,22,3,6,5
1993,29.86516085,1,42,9,25,4,8,1
1993,29.8678987,1,40,9,18,1,5,2
1993,29.87611225,1,40,14,27,3,5,3
1993,29.8843258,0,41,15,31,0,4,4
1993,29.88706366,0,34,10,22,2,6,1
1993,29.89253936,1,35,15,26,3,5,2
1993,29.89527721,0,44,13,36,2,9,5
1993,29.90349076,1,37,9,22,2,6,0
1993,29.91170431,1,38,10,19,2,10,1
1993,29.91444216,0,47,27,49,4,2,5
1993,29.91991786,1,30,10,22,4,4,1
1993,29.92813142,1,39,12,24,1,2,2
1993,29.93086927,0,43,10,26,2,4,4
1993,29.93634497,0,44,16,35,5,6,3
1993,29.94182067,1,27,7,15,2,8,3
1993,29.94729637,0,39,12,27,0,6,2
1993,29.95277207,0,41,14,31,3,4,2
1993,29.95824778,1,43,13,28,3,4,0
1993,29.96372348,1,39,14,26,0,3,5
1993,29.96646133,1,47,13,34,2,4,5
1993,29.97467488,1,43,13,28,3,8,1
1993,29.98288843,1,42,16,27,1,8,2
1993,29.99110198,0,43,12,22,1,5,2
1993,29.99657769,1,37,12,21,3,5,3
1993,30,1,34,10,25,4,4,2
1993,30.0164271,1,41,15,26,1,2,3
1993,30.02190281,1,41,13,29,0,4,3
1993,30.02737851,1,36,13,27,2,7,1
1993,30.03559206,1,40,8,17,3,6,4
1993,30.05475702,1,41,15,28,2,2,3
1993,30.06023272,0,38,11,25,0,5,5
1993,30.06297057,1,43,21,35,3,6,3
1993,30.06844627,0,43,11,25,0,5,1
1993,30.07118412,1,38,10,22,3,6,3
1993,30.08213552,1,39,9,27,1,2,4
1993,30.08487337,1,31,16,27,0,8,2
1993,30.09308693,1,42,12,21,1,4,1
1993,30.09582478,1,39,20,29,0,2,2
1993,30.10130048,1,33,5,14,0,7,1
1993,30.11225188,0,40,19,31,0,3,1
1993,30.12046543,1,38,16,24,1,6,3
1993,30.12594114,1,40,14,23,1,4,2
1993,30.13141684,0,44,13,30,1,4,4
1993,30.13963039,1,44,12,23,1,11,2
1993,30.14236824,1,42,11,25,2,4,3
1993,30.14784394,1,41,9,21,0,6,3
1993,30.15331964,1,31,12,19,1,3,3
1993,30.15879535,1,35,15,25,1,6,1
1993,30.16427105,0,45,13,26,1,0,3
1993,30.16974675,1,27,12,22,1,2,1
1993,30.17522245,1,46,15,27,1,6,4
1993,30.1779603,0,38,15,27,1,3,3
1993,30.183436,0,37,10,28,5,1,1
1995,32.08213552,0,43,7,28,2,4,3
1995,32.09034908,1,26,9,17,0,3,4
1995,32.09582478,0,44,7,23,0,4,2
1995,32.09856263,1,43,14,26,0,4,2
1995,32.10677618,1,39,21,37,0,4,3
1995,32.11225188,1,39,8,17,0,11,2
1995,32.11772758,1,35,5,19,1,4,2
1995,32.12867899,1,43,13,31,3,8,3
1995,32.13415469,1,42,9,27,0,8,5
1995,32.13963039,0,46,9,26,4,5,2
1995,32.14510609,1,42,8,27,2,9,4
1995,32.14784394,1,44,12,23,1,8,4
1995,32.15879535,1,37,8,19,4,2,2
1995,32.1615332,1,40,9,21,0,5,2
1995,32.16974675,1,27,8,18,4,4,2
1995,32.17522245,1,33,8,16,0,2,1
1995,32.1779603,0,45,11,29,4,7,4
1996,32.70910335,1,39,16,29,1,5,4
1996,32.7118412,1,21,5,12,0,0,4
1996,32.72005476,1,40,13,19,1,3,2
1996,32.72553046,1,37,12,24,0,5,3
1996,32.73100616,1,40,11,23,2,1,3
1996,32.73921971,0,40,8,20,2,5,4
1996,32.74195756,1,29,7,10,1,6,2
1996,32.74743326,1,35,7,16,1,2,3
1996,32.75838467,1,45,12,25,0,8,3
1996,32.76112252,1,43,15,27,2,7,5
1996,32.76659822,1,40,9,21,0,8,3
1996,32.77207392,0,40,6,19,2,3,1
1996,32.77481177,1,41,13,22,1,2,3
1996,32.78302533,1,39,14,26,1,2,1
1996,32.78850103,1,43,13,22,5,6,3
1996,32.79945243,1,45,8,27,0,3,3
1996,32.80492813,1,36,11,23,1,4,4
1996,32.80766598,1,42,16,28,3,2,3
1996,32.81861739,1,43,15,30,3,3,3
1996,32.82135524,1,31,8,16,1,2,3
1996,32.82683094,1,38,5,20,2,5,2
1996,32.83230664,1,40,16,27,0,6,2
1996,32.83504449,1,36,12,23,1,3,1
1996,32.84325804,1,40,9,19,3,7,1
1996,32.84599589,1,37,12,22,1,6,2
1996,32.85420945,0,43,11,28,2,8,3
1996,32.862423,1,36,8,20,3,4,4
1996,32.86516085,1,42,14,27,2,5,3
1996,32.87611225,1,40,17,29,3,5,3
1996,32.8788501,1,34,11,20,1,4,1
1996,32.8843258,1,37,10,20,1,1,2
1996,32.89527721,1,36,14,25,1,13,2
1996,32.90349076,1,34,18,28,3,7,1
1996,32.90896646,1,39,16,31,0,4,5
1996,32.91170431,1,32,13,22,3,4,1
1996,32.91718001,1,43,14,28,4,5,0
1996,32.92539357,1,43,12,23,3,5,1
1996,32.93086927,1,36,13,23,1,5,1
1996,32.93360712,1,26,4,10,1,2,4
1996,32.93908282,1,35,10,21,4,5,4
1996,32.94455852,1,42,13,25,3,3,5
1996,32.95003422,1,43,7,26,3,5,3
1996,32.95550992,1,38,7,16,0,2,4
1996,32.95824778,1,39,8,17,3,4,2
1996,32.96372348,0,42,13,29,0,3,1
1996,32.96919918,0,40,9,22,2,0,5
1996,32.97193703,1,46,15,31,6,5,3
1996,32.98836413,1,36,11,23,2,7,2
1996,32.99383984,1,49,10,30,2,6,2
1996,32.99657769,1,38,13,23,1,6,1
1996,33.00273785,1,42,16,29,4,1,2
1996,33.00821355,1,35,6,19,3,6,3
1996,33.01368925,1,43,15,26,1,2,0
1996,33.0164271,0,40,9,21,3,6,4
1996,33.02190281,1,40,8,19,2,3,2
1996,33.02737851,1,41,11,24,2,4,2
1996,33.03559206,1,35,7,17,0,3,1
1996,33.03832991,1,32,8,15,3,5,0
1996,33.04654346,1,32,12,20,4,4,0
1996,33.05201916,1,38,21,28,2,9,3
1996,33.06023272,0,43,12,26,1,7,3
1996,33.06844627,1,36,12,25,0,6,2
1996,33.07392197,1,36,14,22,0,6,2
1996,33.07665982,1,43,14,29,2,14,4
1996,33.08213552,1,47,15,32,2,9,5
1996,33.08487337,1,35,7,16,2,7,3
1996,33.09034908,1,37,14,24,0,11,3
1996,33.09856263,0,39,14,22,5,4,3
1996,33.10951403,1,30,5,12,0,5,3
1996,33.11498973,1,34,6,15,4,5,1
1996,33.12320329,1,37,11,23,1,7,4
1996,33.12867899,1,41,13,24,3,4,2
1996,33.13141684,1,28,10,16,0,5,0
1996,33.13689254,1,44,10,30,1,2,2
1996,33.13963039,0,42,13,27,4,7,2
1996,33.14784394,1,26,8,18,3,4,0
1996,33.15058179,1,29,10,16,2,1,2
1996,33.15605749,1,35,11,18,3,9,0
1996,33.1615332,1,42,9,27,1,8,1
1996,33.1670089,1,24,11,18,1,4,1
1996,33.1724846,0,31,9,23,0,2,4
1996,33.17522245,1,24,11,22,1,3,0
1997,33.7063655,1,43,10,22,1,3,2
1997,33.70910335,1,30,11,20,1,1,2
1997,33.71731691,1,31,9,18,2,5,2
1997,33.72005476,1,40,18,33,1,5,1
1997,33.72553046,1,36,6,14,1,3,3
1997,33.72826831,1,32,10,23,2,1,2
1997,33.73374401,1,35,12,21,1,1,1
1997,33.73921971,1,34,8,23,1,4,3
1997,33.74469541,1,29,15,25,0,1,2
1997,33.74743326,1,35,11,23,0,5,2
1997,33.75838467,1,35,16,29,1,3,3
1997,33.76112252,1,34,12,23,4,3,2
1997,33.76659822,0,39,17,32,1,5,3
1997,33.77207392,1,43,14,26,1,6,3
1997,33.78302533,1,40,13,23,0,7,1
1997,33.78576318,1,38,14,35,0,9,0
1997,33.79397673,1,41,13,27,2,4,1
1997,33.79945243,1,31,9,21,1,3,3
1997,33.80492813,0,42,16,30,1,8,1
1997,33.80766598,0,41,5,17,0,9,1
1997,33.81587953,1,36,10,16,0,7,0
1997,33.82135524,1,34,9,19,0,6,2
1997,33.82409309,1,41,10,26,2,7,0
1997,33.83230664,1,47,10,32,5,4,2
1997,33.83778234,1,36,13,27,5,3,0
1997,33.84325804,1,44,12,29,0,1,4
1997,33.84873374,1,33,10,18,2,1,1
1997,33.85420945,1,46,9,21,6,4,3
1997,33.8569473,0,40,10,25,0,3,2
1997,33.862423,1,42,13,25,2,5,4
1997,33.8678987,1,40,12,29,3,4,1
1997,33.8788501,1,35,10,18,1,3,2
1997,33.88706366,1,40,8,20,3,5,1
1997,33.89801506,1,38,11,23,1,4,2
1997,33.90075291,1,39,12,25,0,6,1
1997,33.90896646,1,40,14,27,0,2,3
1997,33.91170431,1,35,12,22,1,2,2
1997,33.91718001,1,36,10,15,1,6,2
1997,33.92265572,0,43,8,25,3,11,0
1997,33.92813142,1,43,18,30,1,3,1
1997,33.93360712,1,39,10,24,1,8,2
1997,33.93908282,1,31,10,16,1,2,1
1997,33.94729637,1,32,12,19,1,3,1
1997,33.95277207,1,40,11,19,0,6,3
1997,33.95550992,1,32,8,17,0,4,2
1997,33.96098563,1,45,19,28,3,4,2
1997,33.96646133,1,41,15,30,1,4,3
1997,33.96919918,0,40,10,24,1,3,1
1997,33.98562628,1,42,16,24,0,5,2
1997,33.99383984,1,45,13,28,3,5,0
1997,33.99931554,1,38,8,20,1,7,3
1997,34.00273785,1,32,10,18,2,3,3
1997,34.0109514,1,45,13,28,1,3,2
1997,34.01368925,1,31,13,19,1,4,1
1997,34.01916496,1,30,13,27,1,3,1
1997,34.02737851,0,43,7,25,1,7,2
1997,34.03011636,1,35,13,20,1,8,2
1997,34.03832991,1,36,11,19,0,3,2
1997,34.04380561,1,23,7,17,1,1,1
1997,34.04928131,1,44,11,21,1,3,3
1997,34.05475702,0,46,14,31,2,4,2
1997,34.06023272,1,43,13,23,0,4,2
1997,34.06297057,1,37,9,24,0,5,2
1997,34.06844627,0,39,16,34,2,6,1
1997,34.07118412,1,29,5,11,1,3,1
1997,34.07939767,1,50,10,28,8,10,3
1997,34.08761123,1,40,11,25,4,2,0
1997,34.09034908,1,35,8,20,2,3,3
1997,34.09856263,1,36,9,20,0,1,3
1997,34.10403833,1,41,5,17,3,7,2
1997,34.10951403,1,39,9,21,2,4,3
1997,34.11772758,1,27,8,11,0,8,1
1997,34.12320329,0,39,14,30,0,1,2
1997,34.12594114,1,38,9,16,1,4,2
1997,34.13141684,1,40,13,22,2,6,3
1997,34.13415469,1,30,13,25,3,5,1
1997,34.13963039,1,41,8,19,0,3,2
1997,34.14236824,1,44,12,26,1,7,3
1997,34.15058179,0,38,7,16,1,8,1
1997,34.15331964,1,35,12,24,2,9,2
1997,34.15879535,0,39,11,27,1,7,5
1997,34.1670089,0,39,14,22,0,3,4
1998,34.7008898,0,42,7,23,1,5,2
1998,34.70362765,1,24,7,14,1,6,3
1998,34.70910335,1,48,12,39,4,9,0
1998,34.71457906,1,41,11,25,4,13,2
1998,34.72005476,0,40,11,25,1,8,1
1998,34.72279261,1,33,5,13,1,4,3
1998,34.73100616,0,34,7,17,2,4,1
1998,34.73374401,0,40,10,28,2,5,1
1998,34.73921971,1,38,12,24,1,3,0
1998,34.74195756,1,39,11,26,0,2,2
1998,34.75564682,0,41,13,27,1,5,0
1998,34.75838467,1,52,18,38,2,3,3
1998,34.76386037,1,41,11,19,1,2,1
1998,34.76933607,0,38,11,25,2,4,1
1998,34.77754962,0,42,11,26,1,6,3
1998,34.78028747,1,37,10,21,0,4,3
1998,34.79123888,1,40,11,21,4,5,2
1998,34.79671458,1,35,4,16,3,6,3
1998,34.80766598,1,37,10,23,1,3,4
1998,34.81040383,0,37,6,17,1,1,3
1998,34.81587953,0,41,12,24,3,6,2
1998,34.81861739,1,27,4,16,3,3,0
1998,34.82409309,1,36,10,23,3,6,2
1998,34.82956879,1,35,12,22,2,3,4
1998,34.83778234,1,42,10,23,3,2,2
1998,34.84599589,1,40,9,24,7,5,0
1998,34.85147159,1,38,8,20,4,7,0
1998,34.8569473,1,36,18,26,2,2,2
1998,34.862423,1,41,16,29,1,6,1
1998,34.86516085,0,39,11,28,0,4,1
1998,34.8733744,1,43,15,22,1,4,1
1998,34.87611225,1,47,12,25,0,9,2
1998,34.8843258,1,41,5,13,1,2,0
1998,34.88706366,0,37,12,27,2,2,0
1998,34.89253936,1,41,17,33,1,3,3
1998,34.89527721,1,38,13,31,4,2,0
1998,34.90349076,1,38,12,27,1,0,5
1998,34.90896646,0,38,9,23,2,7,1
1998,34.91170431,1,40,10,20,0,8,3
1998,34.91718001,1,41,16,29,0,3,2
1998,34.92539357,1,31,14,23,1,4,2
1998,34.93086927,1,44,10,23,0,5,2
1998,34.93634497,0,44,13,26,3,2,4
1998,34.94182067,1,32,7,15,0,0,0
1998,34.94729637,1,39,11,24,1,4,1
1998,34.95003422,1,41,2,17,3,5,0
1998,34.95550992,0,37,11,26,0,5,0
1998,34.95824778,1,33,6,12,1,5,1
1998,34.96372348,0,43,17,37,2,5,2
1998,34.98015058,1,34,8,21,2,3,1
1998,34.98288843,1,41,11,22,1,3,2
1998,34.98836413,1,36,14,22,3,4,0
1998,34.99383984,1,41,7,17,1,11,3
1998,35,1,39,13,23,2,2,4
1998,35.0054757,1,28,5,9,0,4,2
1998,35.0109514,1,42,8,23,3,5,3
1998,35.0164271,1,29,7,14,2,5,3
1998,35.02190281,0,42,9,26,1,3,2
1998,35.03011636,1,39,10,17,1,1,1
1998,35.03832991,1,40,12,19,0,7,1
1998,35.05201916,1,43,17,33,3,5,1
1998,35.05749487,1,39,17,30,0,4,2
1998,35.06297057,0,47,10,24,4,3,4
1998,35.06844627,1,42,12,22,2,3,2
1998,35.07392197,1,33,6,15,2,5,1
1998,35.07665982,1,42,14,28,1,3,1
1998,35.08487337,1,39,8,13,0,4,1
1998,35.09034908,1,41,13,28,0,4,3
1998,35.09308693,1,36,11,22,1,6,1
1998,35.09856263,1,38,8,21,2,5,2
1998,35.10403833,1,43,13,26,1,4,3
1998,35.10951403,1,35,13,24,1,1,3
1998,35.11498973,1,47,11,26,1,2,5
1998,35.12320329,1,38,16,25,3,3,1
1998,35.12867899,1,37,18,31,2,2,3
1998,35.13415469,1,33,11,21,1,3,0
1998,35.13963039,0,37,10,24,0,6,3
1998,35.14510609,1,35,15,25,1,3,2
1998,35.15058179,0,41,7,19,0,4,0
1998,35.15605749,0,43,7,25,4,2,4
1998,35.1615332,1,39,9,19,1,5,5
1998,35.16427105,1,40,11,24,0,3,1
2002,38.69815195,0,37,7,21,3,2,3
2002,38.70362765,1,40,13,30,0,6,2
2002,38.70910335,1,38,7,21,2,4,1
2002,38.7118412,0,22,8,18,0,8,1
2002,38.72005476,0,41,12,26,2,6,2
2002,38.72553046,0,38,13,30,0,3,3
2002,38.73100616,0,39,5,26,3,9,4
2002,38.73921971,0,41,12,24,1,3,3
2002,38.74469541,0,41,17,33,3,4,0
2002,38.75564682,0,41,13,23,0,4,4
2002,38.76112252,0,40,8,26,0,5,1
2002,38.76659822,1,45,7,24,1,10,3
2002,38.77481177,0,31,9,24,1,3,2
2002,38.77754962,1,38,11,27,0,6,2
2002,38.78302533,1,38,10,20,1,6,2
2002,38.78576318,0,33,6,19,0,7,4
2002,38.79945243,1,33,9,23,0,6,2
2002,38.80492813,1,35,7,21,2,10,3
2002,38.81314168,1,31,8,19,0,6,2
2002,38.81587953,1,34,9,23,0,6,0
2002,38.82135524,1,34,8,19,0,6,4
2002,38.82683094,1,36,8,21,2,2,3
2002,38.83504449,1,27,11,19,1,3,2
2002,38.84052019,1,34,3,16,3,3,1
2002,38.84325804,1,36,11,22,0,1,2
2002,38.85420945,0,35,11,28,1,3,4
2002,38.8569473,0,25,2,10,2,2,1
2002,38.862423,1,38,21,38,2,5,3
2002,38.8678987,1,39,16,32,0,10,2
2002,38.8788501,1,38,9,24,0,7,4
2002,38.88980151,1,42,9,24,2,8,1
2002,38.89801506,0,33,10,24,0,3,2
2002,38.90075291,0,40,14,30,0,6,2
2002,38.90896646,0,40,5,21,0,1,0
2002,38.91170431,0,18,4,14,0,2,1
2002,38.91991786,1,41,7,21,0,12,4
2002,38.92539357,0,39,12,34,4,10,1
2002,38.92813142,0,42,14,27,2,6,4
2002,38.93360712,1,40,18,29,1,7,2
2002,38.93908282,1,40,17,30,2,2,2
2002,38.94729637,0,42,13,30,0,5,0
2002,38.95277207,1,40,11,27,1,4,0
2002,38.95550992,1,38,10,24,0,4,2
2002,38.96098563,1,41,11,19,1,4,2
2002,38.96646133,1,40,10,21,1,6,3
2002,38.97193703,1,41,12,30,2,4,2
2002,38.98562628,0,41,8,20,0,5,1
2002,38.99110198,0,33,6,18,0,1,0
2002,38.99383984,1,37,7,19,0,6,2
2002,39.00273785,0,36,5,12,1,5,2
2002,39.0109514,0,37,7,17,0,5,2
2002,39.0164271,0,37,13,25,1,4,3
2002,39.01916496,0,30,4,13,0,5,2
2002,39.08487337,1,16,2,9,0,1,0
2002,39.08761123,0,22,4,12,0,4,0
2002,39.09582478,0,22,6,17,0,3,4
2002,39.10130048,1,20,4,9,1,2,2
2002,39.10951403,1,26,12,22,0,3,1
2002,39.11498973,0,28,4,14,1,2,1
2002,39.12046543,0,12,1,5,0,3,1
2003,39.69815195,0,25,4,14,0,3,3
2003,39.7008898,1,21,8,15,0,4,1
2003,39.7063655,0,27,7,16,0,2,2
2003,39.71457906,0,29,5,14,0,2,2
2003,39.71731691,1,24,2,6,1,2,3
2003,39.72279261,1,30,9,14,0,3,4
2003,39.72553046,1,31,5,11,2,6,3
2003,39.73374401,0,31,13,22,1,5,1
2003,39.73921971,1,34,7,17,0,6,4
2003,39.74469541,1,19,4,5,0,5,3
2003,39.74743326,0,28,9,16,0,2,1
2003,39.76112252,0,30,4,15,0,2,2
2003,39.76386037,0,32,9,18,2,4,1
2003,39.77207392,0,34,10,21,0,1,2
2003,39.78028747,0,30,6,15,0,4,2
2003,39.78302533,0,37,8,20,1,3,3
2003,39.79123888,1,30,9,20,0,7,1
2003,39.79397673,1,39,5,14,2,7,2
2003,39.79945243,0,39,7,21,1,5,3
2003,39.80219028,1,37,9,18,0,9,3
2003,39.81040383,0,29,6,10,2,3,0
2003,39.81861739,0,40,5,20,0,5,2
2003,39.82409309,1,40,1,9,2,6,2
2003,39.82956879,1,38,12,18,0,3,3
2003,39.83230664,1,35,14,23,0,5,0
2003,39.84052019,0,41,8,20,0,5,1
2003,39.84599589,0,36,5,15,0,7,3
2003,39.85420945,0,41,7,17,1,3,4
2003,39.85968515,1,35,4,10,1,3,2
2003,39.86516085,0,39,8,17,0,8,4
2003,39.8678987,1,35,7,15,1,6,1
2003,39.8733744,1,30,4,11,1,4,1
2003,39.8788501,1,53,14,26,3,9,2
2003,39.8843258,1,40,7,18,0,11,2
2003,39.88980151,1,33,5,13,0,10,4
2003,39.89527721,0,41,7,17,0,2,1
2003,39.89801506,1,41,8,25,5,5,2
2003,39.90622861,0,41,8,23,2,3,1
2003,39.91170431,1,39,12,25,1,5,3
2003,39.91718001,0,42,10,25,2,6,4
2003,39.92265572,1,42,11,22,1,4,3
2003,39.92813142,0,38,9,21,0,4,1
2003,39.93360712,0,39,4,14,2,3,2
2003,39.93634497,0,41,8,18,0,8,0
2003,39.94182067,1,38,9,14,0,7,1
2003,39.94729637,0,37,4,16,0,5,2
2003,39.95003422,0,39,11,24,2,2,1
2003,39.95550992,1,44,18,33,1,2,5
2003,39.96372348,1,43,13,26,0,4,3
2003,39.98288843,0,31,5,19,2,5,0
2003,39.98562628,1,39,8,24,2,4,6
2003,39.99110198,0,29,3,12,1,1,0
2003,40.0054757,0,39,8,23,3,3,0
2003,40.0109514,1,43,18,30,0,10,2
2003,40.0164271,0,52,14,26,2,7,3
2003,40.02190281,1,41,11,25,0,6,2
2003,40.02737851,1,50,15,26,0,11,3
2003,40.03285421,1,43,7,18,0,8,2
2003,40.03559206,0,39,9,27,1,7,2
2003,40.04106776,0,15,2,5,1,2,1
2003,40.04380561,1,24,4,14,3,6,2
2003,40.04928131,0,43,11,24,0,9,2
2003,40.05475702,0,43,13,22,1,7,3
2003,40.06023272,1,40,10,18,0,4,4
2003,40.06844627,0,40,6,18,1,4,2
2003,40.07118412,1,39,9,18,2,6,3
2003,40.07939767,0,50,10,25,1,10,2
2003,40.08761123,0,36,4,12,2,3,0
2003,40.09308693,0,42,11,23,0,5,2
2003,40.09856263,1,41,11,19,0,5,4
2003,40.10130048,1,44,12,22,1,9,3
2003,40.10677618,0,41,10,20,0,0,1
2003,40.11225188,0,37,9,23,1,4,1
2003,40.12046543,0,42,8,17,0,1,2
2003,40.12320329,0,43,10,23,1,13,2
2003,40.13141684,1,47,10,22,2,11,3
2003,40.13689254,1,46,10,19,3,7,0
2003,40.13963039,0,43,8,17,0,10,2
2003,40.14510609,1,40,11,26,1,1,2
2003,40.14784394,0,30,8,16,2,6,3
2003,40.15331964,0,37,9,22,1,7,1
2003,40.15879535,0,28,6,15,0,4,0